"0","require(Rqc)
"
"2","Loading required package: Rqc
"
"2","Loading required package: BiocParallel
"
"2","Loading required package: ShortRead
"
"2","Loading required package: Rsamtools
"
"2","Loading required package: GenomicRanges
"
"2","Loading required package: GenomicAlignments
"
"2","Loading required package: SummarizedExperiment
"
"2","Loading required package: MatrixGenerics
"
"2","Loading required package: matrixStats
"
"2","
Attaching package: ‘MatrixGenerics’

"
"2","The following objects are masked from ‘package:matrixStats’:

    colAlls, colAnyNAs, colAnys, colAvgsPerRowSet, colCollapse, colCounts, colCummaxs,
    colCummins, colCumprods, colCumsums, colDiffs, colIQRDiffs, colIQRs, colLogSumExps,
    colMadDiffs, colMads, colMaxs, colMeans2, colMedians, colMins, colOrderStats,
    colProds, colQuantiles, colRanges, colRanks, colSdDiffs, colSds, colSums2,
    colTabulates, colVarDiffs, colVars, colWeightedMads, colWeightedMeans,
    colWeightedMedians, colWeightedSds, colWeightedVars, rowAlls, rowAnyNAs, rowAnys,
    rowAvgsPerColSet, rowCollapse, rowCounts, rowCummaxs, rowCummins, rowCumprods,
    rowCumsums, rowDiffs, rowIQRDiffs, rowIQRs, rowLogSumExps, rowMadDiffs, rowMads,
    rowMaxs, rowMeans2, rowMedians, rowMins, rowOrderStats, rowProds, rowQuantiles,
    rowRanges, rowRanks, rowSdDiffs, rowSds, rowSums2, rowTabulates, rowVarDiffs,
    rowVars, rowWeightedMads, rowWeightedMeans, rowWeightedMedians, rowWeightedSds,
    rowWeightedVars

"
"2","Loading required package: Biobase
"
"2","Welcome to Bioconductor

    Vignettes contain introductory material; view with 'browseVignettes()'. To cite
    Bioconductor, see 'citation(""Biobase"")', and for packages 'citation(""pkgname"")'.

"
"2","
Attaching package: ‘Biobase’

"
"2","The following object is masked from ‘package:MatrixGenerics’:

    rowMedians

"
"2","The following objects are masked from ‘package:matrixStats’:

    anyMissing, rowMedians

"
"2","Loading required package: ggplot2
"
"2","Need help getting started? Try the R Graphics Cookbook: https://r-graphics.org
"
"2","Registered S3 methods overwritten by 'dbplyr':
  method         from
  print.tbl_lazy     
  print.tbl_sql      
"
"2","Registered S3 method overwritten by 'htmlwidgets':
  method           from         
  print.htmlwidget tools:rstudio
"
"2","Registered S3 method overwritten by 'data.table':
  method           from
  print.data.table     
"
